created_at,id,id_str,full_text,truncated,display_text_range,source,in_reply_to_status_id,in_reply_to_status_id_str,in_reply_to_user_id,in_reply_to_user_id_str,in_reply_to_screen_name,geo,coordinates,contributors,is_quote_status,retweet_count,favorite_count,favorited,retweeted,possibly_sensitive,lang,entities.hashtags,entities.symbols,entities.user_mentions,entities.urls,entities.media,extended_entities.media,metadata.iso_language_code,metadata.result_type,user.id,user.id_str,user.name,user.screen_name,user.location,user.description,user.url,user.entities.url.urls,user.entities.description.urls,user.protected,user.followers_count,user.friends_count,user.listed_count,user.created_at,user.favourites_count,user.utc_offset,user.time_zone,user.geo_enabled,user.verified,user.statuses_count,user.lang,user.contributors_enabled,user.is_translator,user.is_translation_enabled,user.profile_background_color,user.profile_background_image_url,user.profile_background_image_url_https,user.profile_background_tile,user.profile_image_url,user.profile_image_url_https,user.profile_banner_url,user.profile_link_color,user.profile_sidebar_border_color,user.profile_sidebar_fill_color,user.profile_text_color,user.profile_use_background_image,user.has_extended_profile,user.default_profile,user.default_profile_image,user.following,user.follow_request_sent,user.notifications,user.translator_type,user.withheld_in_countries,place.id,place.url,place.place_type,place.name,place.full_name,place.country_code,place.country,place.contained_within,place.bounding_box.type,place.bounding_box.coordinates,place
Tue Nov 29 23:59:55 +0000 2022,1597742182672531457,1597742182672531457,"Atardecer üåÑüì∏
#Canon T100
f/5,6 1/50 32,00 mm ‚Ä¢ ISO 125
#FelizMartesATodos #Mexico #fotografia #FOTOS #photography #photographer #canonista #sunset #Atardecer #palmeras #Tendencia https://t.co/kKPBNootz2",False,"[0, 178]","<a href=""http://twitter.com/download/android"" rel=""nofollow"">Twitter for Android</a>",,,,,,,,,False,0,1,False,False,False,en,"[{'text': 'Canon', 'indices': [13, 19]}, {'text': 'FelizMartesATodos', 'indices': [55, 73]}, {'text': 'Mexico', 'indices': [74, 81]}, {'text': 'fotografia', 'indices': [82, 93]}, {'text': 'FOTOS', 'indices': [94, 100]}, {'text': 'photography', 'indices': [101, 113]}, {'text': 'photographer', 'indices': [114, 127]}, {'text': 'canonista', 'indices': [128, 138]}, {'text': 'sunset', 'indices': [139, 146]}, {'text': 'Atardecer', 'indices': [147, 157]}, {'text': 'palmeras', 'indices': [158, 167]}, {'text': 'Tendencia', 'indices': [168, 178]}]",[],[],[],"[{'id': 1597742180432596992, 'id_str': '1597742180432596992', 'indices': [179, 202], 'media_url': 'http://pbs.twimg.com/media/FixSDENX0AASB0L.jpg', 'media_url_https': 'https://pbs.twimg.com/media/FixSDENX0AASB0L.jpg', 'url': 'https://t.co/kKPBNootz2', 'display_url': 'pic.twitter.com/kKPBNootz2', 'expanded_url': 'https://twitter.com/Fernand19904116/status/1597742182672531457/photo/1', 'type': 'photo', 'sizes': {'thumb': {'w': 150, 'h': 150, 'resize': 'crop'}, 'small': {'w': 680, 'h': 453, 'resize': 'fit'}, 'large': {'w': 2048, 'h': 1365, 'resize': 'fit'}, 'medium': {'w': 1200, 'h': 800, 'resize': 'fit'}}}]","[{'id': 1597742180432596992, 'id_str': '1597742180432596992', 'indices': [179, 202], 'media_url': 'http://pbs.twimg.com/media/FixSDENX0AASB0L.jpg', 'media_url_https': 'https://pbs.twimg.com/media/FixSDENX0AASB0L.jpg', 'url': 'https://t.co/kKPBNootz2', 'display_url': 'pic.twitter.com/kKPBNootz2', 'expanded_url': 'https://twitter.com/Fernand19904116/status/1597742182672531457/photo/1', 'type': 'photo', 'sizes': {'thumb': {'w': 150, 'h': 150, 'resize': 'crop'}, 'small': {'w': 680, 'h': 453, 'resize': 'fit'}, 'large': {'w': 2048, 'h': 1365, 'resize': 'fit'}, 'medium': {'w': 1200, 'h': 800, 'resize': 'fit'}}}]",en,recent,1508563197321695236,1508563197321695236,Fernando Ruiz,Fernand19904116,M√©xico,Aficionado de la fotograf√≠a de paisajes y naturaleza en general ‚ú®üì∏üôå,https://t.co/oE55pZkc9h,"[{'url': 'https://t.co/oE55pZkc9h', 'expanded_url': 'https://instagram.com/fernandoruiz1498?igshid=YmMyMTA2M2Y=', 'display_url': 'instagram.com/fernandoruiz14‚Ä¶', 'indices': [0, 23]}]",[],False,1,25,0,Mon Mar 28 21:54:39 +0000 2022,694,,,True,False,4,,False,False,False,F5F8FA,,,False,http://pbs.twimg.com/profile_images/1597107802731954177/52yogeWQ_normal.jpg,https://pbs.twimg.com/profile_images/1597107802731954177/52yogeWQ_normal.jpg,https://pbs.twimg.com/profile_banners/1508563197321695236/1669615148,1DA1F2,C0DEED,DDEEF6,333333,True,True,True,False,False,False,False,none,[],c3d7f4d28a5f13fd,https://api.twitter.com/1.1/geo/id/c3d7f4d28a5f13fd.json,city,Ixtapaluca,"Ixtapaluca, M√©xico",MX,Mexico,[],Polygon,"[[[-98.954037, 19.285882], [-98.640458, 19.285882], [-98.640458, 19.43283], [-98.954037, 19.43283]]]",
Tue Nov 29 23:59:46 +0000 2022,1597742144072355840,1597742144072355840,"üòéüòéüòéüòé #Art #FUUTOPI #‰ªÆÈù¢„É©„Ç§„ÉÄ„ÉºÔº∑„Åæ„Å§„Çä #Êù±Êò†„Ç™„É≥„Éá„Éû„É≥„Éâ #TTFC 
Source: https://t.co/KWV22aFEOh https://t.co/DT33J3oYSf",False,"[0, 79]","<a href=""https://mobile.twitter.com"" rel=""nofollow"">Twitter Web App</a>",,,,,,,,,False,0,0,False,False,False,en,"[{'text': 'Art', 'indices': [5, 9]}, {'text': 'FUUTOPI', 'indices': [10, 18]}, {'text': '‰ªÆÈù¢„É©„Ç§„ÉÄ„ÉºÔº∑„Åæ„Å§„Çä', 'indices': [19, 30]}, {'text': 'Êù±Êò†„Ç™„É≥„Éá„Éû„É≥„Éâ', 'indices': [31, 40]}, {'text': 'TTFC', 'indices': [41, 46]}]",[],[],"[{'url': 'https://t.co/KWV22aFEOh', 'expanded_url': 'https://www.pixiv.net/artworks/100300379', 'display_url': 'pixiv.net/artworks/10030‚Ä¶', 'indices': [56, 79]}]","[{'id': 1597742120919506945, 'id_str': '1597742120919506945', 'indices': [80, 103], 'media_url': 'http://pbs.twimg.com/media/FixR_mgWIAEgPnn.jpg', 'media_url_https': 'https://pbs.twimg.com/media/FixR_mgWIAEgPnn.jpg', 'url': 'https://t.co/DT33J3oYSf', 'display_url': 'pic.twitter.com/DT33J3oYSf', 'expanded_url': 'https://twitter.com/BudimanVirman/status/1597742144072355840/photo/1', 'type': 'photo', 'sizes': {'thumb': {'w': 150, 'h': 150, 'resize': 'crop'}, 'small': {'w': 544, 'h': 680, 'resize': 'fit'}, 'medium': {'w': 960, 'h': 1200, 'resize': 'fit'}, 'large': {'w': 960, 'h': 1200, 'resize': 'fit'}}}]","[{'id': 1597742120919506945, 'id_str': '1597742120919506945', 'indices': [80, 103], 'media_url': 'http://pbs.twimg.com/media/FixR_mgWIAEgPnn.jpg', 'media_url_https': 'https://pbs.twimg.com/media/FixR_mgWIAEgPnn.jpg', 'url': 'https://t.co/DT33J3oYSf', 'display_url': 'pic.twitter.com/DT33J3oYSf', 'expanded_url': 'https://twitter.com/BudimanVirman/status/1597742144072355840/photo/1', 'type': 'photo', 'sizes': {'thumb': {'w': 150, 'h': 150, 'resize': 'crop'}, 'small': {'w': 544, 'h': 680, 'resize': 'fit'}, 'medium': {'w': 960, 'h': 1200, 'resize': 'fit'}, 'large': {'w': 960, 'h': 1200, 'resize': 'fit'}}}]",en,recent,1537304820901724165,1537304820901724165,Virman Budiman,BudimanVirman,,hmmmm,,,[],False,2,60,0,Thu Jun 16 05:23:39 +0000 2022,10,,,False,False,180,,False,False,False,F5F8FA,,,False,http://pbs.twimg.com/profile_images/1537305158094405632/gjL6p6FV_normal.jpg,https://pbs.twimg.com/profile_images/1537305158094405632/gjL6p6FV_normal.jpg,https://pbs.twimg.com/profile_banners/1537304820901724165/1655357089,1DA1F2,C0DEED,DDEEF6,333333,True,True,True,False,False,False,False,none,[],,,,,,,,,,,
Tue Nov 29 23:59:42 +0000 2022,1597742128209494017,1597742128209494017,"November 

#gardening #photography 
#photoart  #„Éï„Ç°„Ç§„É≥„ÉÄ„ÉºË∂ä„Åó„ÅÆÁßÅ„ÅÆ‰∏ñÁïå 
#ÂÜôÁúüÂ•Ω„Åç„Å™‰∫∫„Å®Áπã„Åå„Çä„Åü„ÅÑ #photooftheday #„Ç≠„É™„Éà„É™„Çª„Ç´„Ç§ #flowerlovers  #ÂÆ∂Â∫≠ÂúíËä∏ 
#ÂÜôÁúü„ÅßÂ•è„Åß„ÇãÁßÅ„ÅÆ‰∏ñÁïå
#daily_photo_jpn #colors_de_saison #photo_jpn #november #ÈúúÊúà
#beautifulflowers https://t.co/Dwzzd7OIP4",False,"[0, 212]","<a href=""http://twitter.com/download/iphone"" rel=""nofollow"">Twitter for iPhone</a>",,,,,,,,,False,0,10,False,False,False,en,"[{'text': 'gardening', 'indices': [11, 21]}, {'text': 'photography', 'indices': [22, 34]}, {'text': 'photoart', 'indices': [36, 45]}, {'text': '„Éï„Ç°„Ç§„É≥„ÉÄ„ÉºË∂ä„Åó„ÅÆÁßÅ„ÅÆ‰∏ñÁïå', 'indices': [47, 61]}, {'text': 'ÂÜôÁúüÂ•Ω„Åç„Å™‰∫∫„Å®Áπã„Åå„Çä„Åü„ÅÑ', 'indices': [63, 76]}, {'text': 'photooftheday', 'indices': [77, 91]}, {'text': '„Ç≠„É™„Éà„É™„Çª„Ç´„Ç§', 'indices': [92, 100]}, {'text': 'flowerlovers', 'indices': [101, 114]}, {'text': 'ÂÆ∂Â∫≠ÂúíËä∏', 'indices': [116, 121]}, {'text': 'ÂÜôÁúü„ÅßÂ•è„Åß„ÇãÁßÅ„ÅÆ‰∏ñÁïå', 'indices': [123, 134]}, {'text': 'daily_photo_jpn', 'indices': [135, 151]}, {'text': 'colors_de_saison', 'indices': [152, 169]}, {'text': 'photo_jpn', 'indices': [170, 180]}, {'text': 'november', 'indices': [181, 190]}, {'text': 'ÈúúÊúà', 'indices': [191, 194]}, {'text': 'beautifulflowers', 'indices': [195, 212]}]",[],[],[],"[{'id': 1597742122735542273, 'id_str': '1597742122735542273', 'indices': [213, 236], 'media_url': 'http://pbs.twimg.com/media/FixR_tRUoAEKjsD.jpg', 'media_url_https': 'https://pbs.twimg.com/media/FixR_tRUoAEKjsD.jpg', 'url': 'https://t.co/Dwzzd7OIP4', 'display_url': 'pic.twitter.com/Dwzzd7OIP4', 'expanded_url': 'https://twitter.com/southansnow/status/1597742128209494017/photo/1', 'type': 'photo', 'sizes': {'thumb': {'w': 150, 'h': 150, 'resize': 'crop'}, 'large': {'w': 1638, 'h': 2048, 'resize': 'fit'}, 'medium': {'w': 960, 'h': 1200, 'resize': 'fit'}, 'small': {'w': 544, 'h': 680, 'resize': 'fit'}}}]","[{'id': 1597742122735542273, 'id_str': '1597742122735542273', 'indices': [213, 236], 'media_url': 'http://pbs.twimg.com/media/FixR_tRUoAEKjsD.jpg', 'media_url_https': 'https://pbs.twimg.com/media/FixR_tRUoAEKjsD.jpg', 'url': 'https://t.co/Dwzzd7OIP4', 'display_url': 'pic.twitter.com/Dwzzd7OIP4', 'expanded_url': 'https://twitter.com/southansnow/status/1597742128209494017/photo/1', 'type': 'photo', 'sizes': {'thumb': {'w': 150, 'h': 150, 'resize': 'crop'}, 'large': {'w': 1638, 'h': 2048, 'resize': 'fit'}, 'medium': {'w': 960, 'h': 1200, 'resize': 'fit'}, 'small': {'w': 544, 'h': 680, 'resize': 'fit'}}}]",en,recent,783456263581470720,783456263581470720,sunscription,southansnow,,,,,[],False,265,467,2,Tue Oct 04 23:58:24 +0000 2016,9922,,,False,False,1335,,False,False,False,F5F8FA,,,False,http://pbs.twimg.com/profile_images/1593370202342768641/9DPUFq2E_normal.jpg,https://pbs.twimg.com/profile_images/1593370202342768641/9DPUFq2E_normal.jpg,https://pbs.twimg.com/profile_banners/783456263581470720/1668724046,1DA1F2,C0DEED,DDEEF6,333333,True,True,True,False,False,False,False,none,[],,,,,,,,,,,
Tue Nov 29 23:59:40 +0000 2022,1597742118419976192,1597742118419976192,"Marvin Mims with the college catch of the year.
@marvindmims #Sooners #OU #Oklahoma #painting #sportsart #catchoftheyear 
https://t.co/EawAQYfc1m https://t.co/ntYB90ahsp",False,"[0, 145]","<a href=""https://mobile.twitter.com"" rel=""nofollow"">Twitter Web App</a>",,,,,,,,,False,0,0,False,False,False,en,"[{'text': 'Sooners', 'indices': [61, 69]}, {'text': 'OU', 'indices': [70, 73]}, {'text': 'Oklahoma', 'indices': [74, 83]}, {'text': 'painting', 'indices': [84, 93]}, {'text': 'sportsart', 'indices': [94, 104]}, {'text': 'catchoftheyear', 'indices': [105, 120]}]",[],"[{'screen_name': 'marvindmims', 'name': 'Marvin Mims Jr.', 'id': 3180167047, 'id_str': '3180167047', 'indices': [48, 60]}]","[{'url': 'https://t.co/EawAQYfc1m', 'expanded_url': 'https://fineartamerica.com/featured/catch-of-the-year-2022-jack-bunds.html?product=acrylic-print', 'display_url': 'fineartamerica.com/featured/catch‚Ä¶', 'indices': [122, 145]}]","[{'id': 1597741054823899137, 'id_str': '1597741054823899137', 'indices': [146, 169], 'media_url': 'http://pbs.twimg.com/media/FixRBi_WIAE3VVV.jpg', 'media_url_https': 'https://pbs.twimg.com/media/FixRBi_WIAE3VVV.jpg', 'url': 'https://t.co/ntYB90ahsp', 'display_url': 'pic.twitter.com/ntYB90ahsp', 'expanded_url': 'https://twitter.com/JackBunds/status/1597742118419976192/photo/1', 'type': 'photo', 'sizes': {'thumb': {'w': 150, 'h': 150, 'resize': 'crop'}, 'large': {'w': 666, 'h': 750, 'resize': 'fit'}, 'small': {'w': 604, 'h': 680, 'resize': 'fit'}, 'medium': {'w': 666, 'h': 750, 'resize': 'fit'}}}]","[{'id': 1597741054823899137, 'id_str': '1597741054823899137', 'indices': [146, 169], 'media_url': 'http://pbs.twimg.com/media/FixRBi_WIAE3VVV.jpg', 'media_url_https': 'https://pbs.twimg.com/media/FixRBi_WIAE3VVV.jpg', 'url': 'https://t.co/ntYB90ahsp', 'display_url': 'pic.twitter.com/ntYB90ahsp', 'expanded_url': 'https://twitter.com/JackBunds/status/1597742118419976192/photo/1', 'type': 'photo', 'sizes': {'thumb': {'w': 150, 'h': 150, 'resize': 'crop'}, 'large': {'w': 666, 'h': 750, 'resize': 'fit'}, 'small': {'w': 604, 'h': 680, 'resize': 'fit'}, 'medium': {'w': 666, 'h': 750, 'resize': 'fit'}}}]",en,recent,404577722,404577722,Jack,JackBunds,Poolside,"2022 has been a nightmare: my mother-in-law passed away, COVID, long haul COVID, cancer..... Stay positive while being realistic.",https://t.co/dYEnrXaFD9,"[{'url': 'https://t.co/dYEnrXaFD9', 'expanded_url': 'http://killerblind.com', 'display_url': 'killerblind.com', 'indices': [0, 23]}]",[],False,1113,1074,3,Fri Nov 04 03:37:52 +0000 2011,51983,,,False,False,36587,,False,False,False,000000,http://abs.twimg.com/images/themes/theme4/bg.gif,https://abs.twimg.com/images/themes/theme4/bg.gif,False,http://pbs.twimg.com/profile_images/1557935384402739206/kadSiW73_normal.jpg,https://pbs.twimg.com/profile_images/1557935384402739206/kadSiW73_normal.jpg,https://pbs.twimg.com/profile_banners/404577722/1662750251,981CEB,000000,000000,000000,False,False,False,False,False,False,False,none,[],,,,,,,,,,,
Tue Nov 29 23:59:33 +0000 2022,1597742089064054784,1597742089064054784,"Finally got the Sonny realism portrait done
#artistsontwitter #drawing #illustration https://t.co/j5GCEhp6rz",False,"[0, 84]","<a href=""https://mobile.twitter.com"" rel=""nofollow"">Twitter Web App</a>",,,,,,,,,False,0,0,False,False,False,en,"[{'text': 'artistsontwitter', 'indices': [44, 61]}, {'text': 'drawing', 'indices': [62, 70]}, {'text': 'illustration', 'indices': [71, 84]}]",[],[],[],"[{'id': 1597741984629899265, 'id_str': '1597741984629899265', 'indices': [85, 108], 'media_url': 'http://pbs.twimg.com/media/FixR3qyXwAEp3CX.jpg', 'media_url_https': 'https://pbs.twimg.com/media/FixR3qyXwAEp3CX.jpg', 'url': 'https://t.co/j5GCEhp6rz', 'display_url': 'pic.twitter.com/j5GCEhp6rz', 'expanded_url': 'https://twitter.com/kmbrookart/status/1597742089064054784/photo/1', 'type': 'photo', 'sizes': {'thumb': {'w': 150, 'h': 150, 'resize': 'crop'}, 'medium': {'w': 823, 'h': 1200, 'resize': 'fit'}, 'large': {'w': 1404, 'h': 2048, 'resize': 'fit'}, 'small': {'w': 466, 'h': 680, 'resize': 'fit'}}}]","[{'id': 1597741984629899265, 'id_str': '1597741984629899265', 'indices': [85, 108], 'media_url': 'http://pbs.twimg.com/media/FixR3qyXwAEp3CX.jpg', 'media_url_https': 'https://pbs.twimg.com/media/FixR3qyXwAEp3CX.jpg', 'url': 'https://t.co/j5GCEhp6rz', 'display_url': 'pic.twitter.com/j5GCEhp6rz', 'expanded_url': 'https://twitter.com/kmbrookart/status/1597742089064054784/photo/1', 'type': 'photo', 'sizes': {'thumb': {'w': 150, 'h': 150, 'resize': 'crop'}, 'medium': {'w': 823, 'h': 1200, 'resize': 'fit'}, 'large': {'w': 1404, 'h': 2048, 'resize': 'fit'}, 'small': {'w': 466, 'h': 680, 'resize': 'fit'}}}]",en,recent,2934188385,2934188385,The Art Major ‚òÄÔ∏èComic in Bio ‚òÄÔ∏è,kmbrookart,Hidden Cloud Village,Khalil Brooker | #comicartist #comicwriter | Author/Illustrator of The Santo Real Incident | Pages out every Monday + Friday 12PM EST on Webtoon,https://t.co/72AXAMd4Hv,"[{'url': 'https://t.co/72AXAMd4Hv', 'expanded_url': 'https://linktr.ee/theartmajor', 'display_url': 'linktr.ee/theartmajor', 'indices': [0, 23]}]",[],False,41,73,2,Sat Dec 20 21:09:18 +0000 2014,63153,,,True,False,21509,,False,False,False,C0DEED,http://abs.twimg.com/images/themes/theme1/bg.png,https://abs.twimg.com/images/themes/theme1/bg.png,False,http://pbs.twimg.com/profile_images/1596778182115565569/6MS3S5I9_normal.jpg,https://pbs.twimg.com/profile_images/1596778182115565569/6MS3S5I9_normal.jpg,https://pbs.twimg.com/profile_banners/2934188385/1657606550,1DA1F2,C0DEED,DDEEF6,333333,True,True,True,False,False,False,False,none,[],,,,,,,,,,,
Tue Nov 29 23:59:26 +0000 2022,1597742060916051968,1597742060916051968,"oc time!
#oc #ocart #art #digitalart https://t.co/HnmyijVrq7",False,"[0, 36]","<a href=""http://twitter.com/download/android"" rel=""nofollow"">Twitter for Android</a>",,,,,,,,,False,0,2,False,False,False,en,"[{'text': 'oc', 'indices': [9, 12]}, {'text': 'ocart', 'indices': [13, 19]}, {'text': 'art', 'indices': [20, 24]}, {'text': 'digitalart', 'indices': [25, 36]}]",[],[],[],"[{'id': 1597742057803563009, 'id_str': '1597742057803563009', 'indices': [37, 60], 'media_url': 'http://pbs.twimg.com/media/FixR77YVQAENx2U.jpg', 'media_url_https': 'https://pbs.twimg.com/media/FixR77YVQAENx2U.jpg', 'url': 'https://t.co/HnmyijVrq7', 'display_url': 'pic.twitter.com/HnmyijVrq7', 'expanded_url': 'https://twitter.com/HiKamustaPo/status/1597742060916051968/photo/1', 'type': 'photo', 'sizes': {'large': {'w': 1920, 'h': 1440, 'resize': 'fit'}, 'small': {'w': 680, 'h': 510, 'resize': 'fit'}, 'thumb': {'w': 150, 'h': 150, 'resize': 'crop'}, 'medium': {'w': 1200, 'h': 900, 'resize': 'fit'}}}]","[{'id': 1597742057803563009, 'id_str': '1597742057803563009', 'indices': [37, 60], 'media_url': 'http://pbs.twimg.com/media/FixR77YVQAENx2U.jpg', 'media_url_https': 'https://pbs.twimg.com/media/FixR77YVQAENx2U.jpg', 'url': 'https://t.co/HnmyijVrq7', 'display_url': 'pic.twitter.com/HnmyijVrq7', 'expanded_url': 'https://twitter.com/HiKamustaPo/status/1597742060916051968/photo/1', 'type': 'photo', 'sizes': {'large': {'w': 1920, 'h': 1440, 'resize': 'fit'}, 'small': {'w': 680, 'h': 510, 'resize': 'fit'}, 'thumb': {'w': 150, 'h': 150, 'resize': 'crop'}, 'medium': {'w': 1200, 'h': 900, 'resize': 'fit'}}}]",en,recent,840972692,840972692,·∂ú·µò ≥·µÉ ·ú∂ ·úÉ·úì·úá,HiKamustaPo,...,"somewhere procrastinating ·ú∂
i draw sometimes",https://t.co/V0FIYA0oNK,"[{'url': 'https://t.co/V0FIYA0oNK', 'expanded_url': 'https://twitch.tv/hikamustapo', 'display_url': 'twitch.tv/hikamustapo', 'indices': [0, 23]}]",[],False,16,130,1,Sun Sep 23 04:06:13 +0000 2012,794,,,False,False,523,,False,False,False,FFFFFF,http://abs.twimg.com/images/themes/theme1/bg.png,https://abs.twimg.com/images/themes/theme1/bg.png,True,http://pbs.twimg.com/profile_images/1528532733881749504/PwBDf5Nu_normal.jpg,https://pbs.twimg.com/profile_images/1528532733881749504/PwBDf5Nu_normal.jpg,https://pbs.twimg.com/profile_banners/840972692/1637752094,8B0000,FFFFFF,DDEEF6,0084B4,True,True,False,False,False,False,False,none,[],,,,,,,,,,,
Tue Nov 29 23:59:24 +0000 2022,1597742052632317952,1597742052632317952,"Some sneaky birds
#WarhammerCommunity #warhammer40k #warhammerfanart #art #fanart https://t.co/9QoUe24n5f",False,"[0, 81]","<a href=""https://mobile.twitter.com"" rel=""nofollow"">Twitter Web App</a>",,,,,,,,,False,0,2,False,False,False,en,"[{'text': 'WarhammerCommunity', 'indices': [18, 37]}, {'text': 'warhammer40k', 'indices': [38, 51]}, {'text': 'warhammerfanart', 'indices': [52, 68]}, {'text': 'art', 'indices': [69, 73]}, {'text': 'fanart', 'indices': [74, 81]}]",[],[],[],"[{'id': 1597741847505473536, 'id_str': '1597741847505473536', 'indices': [82, 105], 'media_url': 'http://pbs.twimg.com/media/FixRvr9XEAAqVXO.jpg', 'media_url_https': 'https://pbs.twimg.com/media/FixRvr9XEAAqVXO.jpg', 'url': 'https://t.co/9QoUe24n5f', 'display_url': 'pic.twitter.com/9QoUe24n5f', 'expanded_url': 'https://twitter.com/CrazyRh1no/status/1597742052632317952/photo/1', 'type': 'photo', 'sizes': {'thumb': {'w': 150, 'h': 150, 'resize': 'crop'}, 'small': {'w': 680, 'h': 680, 'resize': 'fit'}, 'large': {'w': 1080, 'h': 1080, 'resize': 'fit'}, 'medium': {'w': 1080, 'h': 1080, 'resize': 'fit'}}}]","[{'id': 1597741847505473536, 'id_str': '1597741847505473536', 'indices': [82, 105], 'media_url': 'http://pbs.twimg.com/media/FixRvr9XEAAqVXO.jpg', 'media_url_https': 'https://pbs.twimg.com/media/FixRvr9XEAAqVXO.jpg', 'url': 'https://t.co/9QoUe24n5f', 'display_url': 'pic.twitter.com/9QoUe24n5f', 'expanded_url': 'https://twitter.com/CrazyRh1no/status/1597742052632317952/photo/1', 'type': 'photo', 'sizes': {'thumb': {'w': 150, 'h': 150, 'resize': 'crop'}, 'small': {'w': 680, 'h': 680, 'resize': 'fit'}, 'large': {'w': 1080, 'h': 1080, 'resize': 'fit'}, 'medium': {'w': 1080, 'h': 1080, 'resize': 'fit'}}}]",en,recent,1548761095212498945,1548761095212498945,Ryancrazyrhino,CrazyRh1no,,Age 20 He/Him Amateur Artist Le Epic Video Gamer Animatior Warhammer lore enjoyer Overwatch Gamer TF2 gamer Sharply Dressed Demon enjoyer I draw Mercy too much,,,[],False,40,50,0,Sun Jul 17 20:07:22 +0000 2022,32276,,,False,False,3566,,False,False,False,F5F8FA,,,False,http://pbs.twimg.com/profile_images/1548761397814857738/Ome1b2Fn_normal.jpg,https://pbs.twimg.com/profile_images/1548761397814857738/Ome1b2Fn_normal.jpg,https://pbs.twimg.com/profile_banners/1548761095212498945/1668815801,1DA1F2,C0DEED,DDEEF6,333333,True,True,True,False,False,False,False,none,[],,,,,,,,,,,
Tue Nov 29 23:59:20 +0000 2022,1597742037016739840,1597742037016739840,"Speaking with hands and feet - 
https://t.co/UV4KI0i2iS 
Animal Photography https://t.co/lj33jiU2zm
#photography https://t.co/MinGaj7erH",False,"[0, 112]","<a href=""https://www.socialjukebox.com"" rel=""nofollow"">The Social Jukebox</a>",,,,,,,,,False,4,6,False,False,False,en,"[{'text': 'photography', 'indices': [100, 112]}]",[],[],"[{'url': 'https://t.co/UV4KI0i2iS', 'expanded_url': 'https://belinda-greb.pixels.com/featured/common-squirrel-monkey-belinda-greb.html', 'display_url': 'belinda-greb.pixels.com/featured/commo‚Ä¶', 'indices': [32, 55]}, {'url': 'https://t.co/lj33jiU2zm', 'expanded_url': 'https://belinda-greb.pixels.com', 'display_url': 'belinda-greb.pixels.com', 'indices': [76, 99]}]","[{'id': 1597742033124352004, 'id_str': '1597742033124352004', 'indices': [113, 136], 'media_url': 'http://pbs.twimg.com/media/FixR6fcWYAQDwc9.jpg', 'media_url_https': 'https://pbs.twimg.com/media/FixR6fcWYAQDwc9.jpg', 'url': 'https://t.co/MinGaj7erH', 'display_url': 'pic.twitter.com/MinGaj7erH', 'expanded_url': 'https://twitter.com/BelindaGreb/status/1597742037016739840/photo/1', 'type': 'photo', 'sizes': {'thumb': {'w': 150, 'h': 150, 'resize': 'crop'}, 'large': {'w': 1000, 'h': 667, 'resize': 'fit'}, 'medium': {'w': 1000, 'h': 667, 'resize': 'fit'}, 'small': {'w': 680, 'h': 454, 'resize': 'fit'}}}]","[{'id': 1597742033124352004, 'id_str': '1597742033124352004', 'indices': [113, 136], 'media_url': 'http://pbs.twimg.com/media/FixR6fcWYAQDwc9.jpg', 'media_url_https': 'https://pbs.twimg.com/media/FixR6fcWYAQDwc9.jpg', 'url': 'https://t.co/MinGaj7erH', 'display_url': 'pic.twitter.com/MinGaj7erH', 'expanded_url': 'https://twitter.com/BelindaGreb/status/1597742037016739840/photo/1', 'type': 'photo', 'sizes': {'thumb': {'w': 150, 'h': 150, 'resize': 'crop'}, 'large': {'w': 1000, 'h': 667, 'resize': 'fit'}, 'medium': {'w': 1000, 'h': 667, 'resize': 'fit'}, 'small': {'w': 680, 'h': 454, 'resize': 'fit'}}}]",en,recent,1689606158,1689606158,Belinda Greb,BelindaGreb,Oregon,"#Photography Images Copyrighted https://t.co/ROGRTxm1Lj
https://t.co/wP759RKrR4
https://t.co/ScWbQs24Wz‚Ä¶?",https://t.co/Bf64C7dzms,"[{'url': 'https://t.co/Bf64C7dzms', 'expanded_url': 'https://belinda-greb.pixels.com/', 'display_url': 'belinda-greb.pixels.com', 'indices': [0, 23]}]","[{'url': 'https://t.co/ROGRTxm1Lj', 'expanded_url': 'http://belinda-greb.pixels.com', 'display_url': 'belinda-greb.pixels.com', 'indices': [32, 55]}, {'url': 'https://t.co/wP759RKrR4', 'expanded_url': 'http://society6.com/belindagreb', 'display_url': 'society6.com/belindagreb', 'indices': [56, 79]}, {'url': 'https://t.co/ScWbQs24Wz', 'expanded_url': 'http://redbubble.com/people/belinda', 'display_url': 'redbubble.com/people/belinda', 'indices': [80, 103]}]",False,18132,5137,886,Thu Aug 22 00:41:55 +0000 2013,61906,,,False,False,288679,,False,False,False,C0DEED,http://abs.twimg.com/images/themes/theme1/bg.png,https://abs.twimg.com/images/themes/theme1/bg.png,False,http://pbs.twimg.com/profile_images/1591969799814680577/UW-CF8ID_normal.jpg,https://pbs.twimg.com/profile_images/1591969799814680577/UW-CF8ID_normal.jpg,https://pbs.twimg.com/profile_banners/1689606158/1668390101,1DA1F2,C0DEED,DDEEF6,333333,True,False,True,False,False,False,False,none,[],,,,,,,,,,,
Tue Nov 29 23:59:17 +0000 2022,1597742023255429120,1597742023255429120,"Drew mipha from breath of the wild but, I forgot to timelapse it for tiktok. #LegendOfZelda #legendofZeldafanart #mipha #drawing #digitalart https://t.co/29zwUtEXXs",False,"[0, 140]","<a href=""https://mobile.twitter.com"" rel=""nofollow"">Twitter Web App</a>",,,,,,,,,False,0,0,False,False,False,en,"[{'text': 'LegendOfZelda', 'indices': [77, 91]}, {'text': 'legendofZeldafanart', 'indices': [92, 112]}, {'text': 'mipha', 'indices': [113, 119]}, {'text': 'drawing', 'indices': [120, 128]}, {'text': 'digitalart', 'indices': [129, 140]}]",[],[],[],"[{'id': 1597740887588671488, 'id_str': '1597740887588671488', 'indices': [141, 164], 'media_url': 'http://pbs.twimg.com/media/FixQ3z_XEAAH8Ua.jpg', 'media_url_https': 'https://pbs.twimg.com/media/FixQ3z_XEAAH8Ua.jpg', 'url': 'https://t.co/29zwUtEXXs', 'display_url': 'pic.twitter.com/29zwUtEXXs', 'expanded_url': 'https://twitter.com/projectnephilim/status/1597742023255429120/photo/1', 'type': 'photo', 'sizes': {'thumb': {'w': 150, 'h': 150, 'resize': 'crop'}, 'medium': {'w': 849, 'h': 1200, 'resize': 'fit'}, 'small': {'w': 481, 'h': 680, 'resize': 'fit'}, 'large': {'w': 1449, 'h': 2048, 'resize': 'fit'}}}]","[{'id': 1597740887588671488, 'id_str': '1597740887588671488', 'indices': [141, 164], 'media_url': 'http://pbs.twimg.com/media/FixQ3z_XEAAH8Ua.jpg', 'media_url_https': 'https://pbs.twimg.com/media/FixQ3z_XEAAH8Ua.jpg', 'url': 'https://t.co/29zwUtEXXs', 'display_url': 'pic.twitter.com/29zwUtEXXs', 'expanded_url': 'https://twitter.com/projectnephilim/status/1597742023255429120/photo/1', 'type': 'photo', 'sizes': {'thumb': {'w': 150, 'h': 150, 'resize': 'crop'}, 'medium': {'w': 849, 'h': 1200, 'resize': 'fit'}, 'small': {'w': 481, 'h': 680, 'resize': 'fit'}, 'large': {'w': 1449, 'h': 2048, 'resize': 'fit'}}}]",en,recent,1075229185508020224,1075229185508020224,Felixdrawsstuff commissions open,projectnephilim,Boston ,2d artist mostly traditional and digital. i love drawing it's my life. commissions are open! link to ko-fi  https://t.co/Vb6G7nL8kD,,,"[{'url': 'https://t.co/Vb6G7nL8kD', 'expanded_url': 'http://ko-fi.com/projectnephilim', 'display_url': 'ko-fi.com/projectnephilim', 'indices': [108, 131]}]",False,124,195,0,Wed Dec 19 03:19:49 +0000 2018,2603,,,False,False,1175,,False,False,False,F5F8FA,,,False,http://pbs.twimg.com/profile_images/1538336475040952324/9OXLG8E0_normal.jpg,https://pbs.twimg.com/profile_images/1538336475040952324/9OXLG8E0_normal.jpg,https://pbs.twimg.com/profile_banners/1075229185508020224/1628961694,1DA1F2,C0DEED,DDEEF6,333333,True,True,True,False,False,False,False,none,[],,,,,,,,,,,
Tue Nov 29 23:59:14 +0000 2022,1597742009493913600,1597742009493913600,"Crystal Mosque, Malaysia
#art #ArtistOnTwitter #architecture #lineart #illustration #sketchbook #artmoots @ArtMutuals https://t.co/VIWrSnSl0K",False,"[0, 117]","<a href=""http://twitter.com/download/iphone"" rel=""nofollow"">Twitter for iPhone</a>",,,,,,,,,False,4,18,False,False,False,en,"[{'text': 'art', 'indices': [25, 29]}, {'text': 'ArtistOnTwitter', 'indices': [30, 46]}, {'text': 'architecture', 'indices': [47, 60]}, {'text': 'lineart', 'indices': [61, 69]}, {'text': 'illustration', 'indices': [70, 83]}, {'text': 'sketchbook', 'indices': [84, 95]}, {'text': 'artmoots', 'indices': [96, 105]}]",[],"[{'screen_name': 'ArtMutuals', 'name': 'Art(ist) RT & Support! ‚ú©ÔΩ°:*‚Ä¢.‚òÖ‚úº‚òÜÔΩ°.', 'id': 1422482036799987716, 'id_str': '1422482036799987716', 'indices': [106, 117]}]",[],"[{'id': 1597741997531750400, 'id_str': '1597741997531750400', 'indices': [118, 141], 'media_url': 'http://pbs.twimg.com/media/FixR4a2aYAAwuZ9.jpg', 'media_url_https': 'https://pbs.twimg.com/media/FixR4a2aYAAwuZ9.jpg', 'url': 'https://t.co/VIWrSnSl0K', 'display_url': 'pic.twitter.com/VIWrSnSl0K', 'expanded_url': 'https://twitter.com/a_isotope/status/1597742009493913600/photo/1', 'type': 'photo', 'sizes': {'large': {'w': 2048, 'h': 1536, 'resize': 'fit'}, 'small': {'w': 680, 'h': 510, 'resize': 'fit'}, 'thumb': {'w': 150, 'h': 150, 'resize': 'crop'}, 'medium': {'w': 1200, 'h': 900, 'resize': 'fit'}}}]","[{'id': 1597741997531750400, 'id_str': '1597741997531750400', 'indices': [118, 141], 'media_url': 'http://pbs.twimg.com/media/FixR4a2aYAAwuZ9.jpg', 'media_url_https': 'https://pbs.twimg.com/media/FixR4a2aYAAwuZ9.jpg', 'url': 'https://t.co/VIWrSnSl0K', 'display_url': 'pic.twitter.com/VIWrSnSl0K', 'expanded_url': 'https://twitter.com/a_isotope/status/1597742009493913600/photo/1', 'type': 'photo', 'sizes': {'large': {'w': 2048, 'h': 1536, 'resize': 'fit'}, 'small': {'w': 680, 'h': 510, 'resize': 'fit'}, 'thumb': {'w': 150, 'h': 150, 'resize': 'crop'}, 'medium': {'w': 1200, 'h': 900, 'resize': 'fit'}}}]",en,recent,1243043369984516096,1243043369984516096,ùëéùëöùëüùëé ‚úø // lets be art moots!,a_isotope,"auckland, new zealand","20 // architectural graduate // watercolour, ink & doodles!!! ‚ó°Ãà dm for commission or enquires! (don‚Äôt use artwork without permission)",https://t.co/hF3oh3peWv,"[{'url': 'https://t.co/hF3oh3peWv', 'expanded_url': 'http://links.isotopea.art', 'display_url': 'links.isotopea.art', 'indices': [0, 23]}]",[],False,1055,826,21,Thu Mar 26 05:13:45 +0000 2020,4917,,,True,False,1043,,False,False,False,F5F8FA,,,False,http://pbs.twimg.com/profile_images/1485907803147747330/1r11CCFY_normal.jpg,https://pbs.twimg.com/profile_images/1485907803147747330/1r11CCFY_normal.jpg,https://pbs.twimg.com/profile_banners/1243043369984516096/1669689769,1DA1F2,C0DEED,DDEEF6,333333,True,False,True,False,False,False,False,none,[],,,,,,,,,,,
Tue Nov 29 23:59:14 +0000 2022,1597742008768118784,1597742008768118784,"https://t.co/cP2vRs3rlD is for Sale!
#domain #domainname #domainnameforsale #startup #domainers #Entrepreneur #squadhelp #ecommerce #business #website #brand #domainforsale #market #eagle #decor #homedecor #interiordesign #design #home #interior #decoration #art #architecture https://t.co/XnJnyPgMTF",False,"[0, 276]","<a href=""https://ifttt.com"" rel=""nofollow"">IFTTT</a>",,,,,,,,,False,1,0,False,False,False,en,"[{'text': 'domain', 'indices': [37, 44]}, {'text': 'domainname', 'indices': [45, 56]}, {'text': 'domainnameforsale', 'indices': [57, 75]}, {'text': 'startup', 'indices': [76, 84]}, {'text': 'domainers', 'indices': [85, 95]}, {'text': 'Entrepreneur', 'indices': [96, 109]}, {'text': 'squadhelp', 'indices': [110, 120]}, {'text': 'ecommerce', 'indices': [121, 131]}, {'text': 'business', 'indices': [132, 141]}, {'text': 'website', 'indices': [142, 150]}, {'text': 'brand', 'indices': [151, 157]}, {'text': 'domainforsale', 'indices': [158, 172]}, {'text': 'market', 'indices': [173, 180]}, {'text': 'eagle', 'indices': [181, 187]}, {'text': 'decor', 'indices': [188, 194]}, {'text': 'homedecor', 'indices': [195, 205]}, {'text': 'interiordesign', 'indices': [206, 221]}, {'text': 'design', 'indices': [222, 229]}, {'text': 'home', 'indices': [230, 235]}, {'text': 'interior', 'indices': [236, 245]}, {'text': 'decoration', 'indices': [246, 257]}, {'text': 'art', 'indices': [258, 262]}, {'text': 'architecture', 'indices': [263, 276]}]",[],[],"[{'url': 'https://t.co/cP2vRs3rlD', 'expanded_url': 'http://DecorEagle.com', 'display_url': 'DecorEagle.com', 'indices': [0, 23]}]","[{'id': 1597742007128055808, 'id_str': '1597742007128055808', 'indices': [277, 300], 'media_url': 'http://pbs.twimg.com/media/FixR4-mWYAAfG8G.jpg', 'media_url_https': 'https://pbs.twimg.com/media/FixR4-mWYAAfG8G.jpg', 'url': 'https://t.co/XnJnyPgMTF', 'display_url': 'pic.twitter.com/XnJnyPgMTF', 'expanded_url': 'https://twitter.com/fancy_names/status/1597742008768118784/photo/1', 'type': 'photo', 'sizes': {'thumb': {'w': 150, 'h': 150, 'resize': 'crop'}, 'large': {'w': 750, 'h': 450, 'resize': 'fit'}, 'medium': {'w': 750, 'h': 450, 'resize': 'fit'}, 'small': {'w': 680, 'h': 408, 'resize': 'fit'}}}]","[{'id': 1597742007128055808, 'id_str': '1597742007128055808', 'indices': [277, 300], 'media_url': 'http://pbs.twimg.com/media/FixR4-mWYAAfG8G.jpg', 'media_url_https': 'https://pbs.twimg.com/media/FixR4-mWYAAfG8G.jpg', 'url': 'https://t.co/XnJnyPgMTF', 'display_url': 'pic.twitter.com/XnJnyPgMTF', 'expanded_url': 'https://twitter.com/fancy_names/status/1597742008768118784/photo/1', 'type': 'photo', 'sizes': {'thumb': {'w': 150, 'h': 150, 'resize': 'crop'}, 'large': {'w': 750, 'h': 450, 'resize': 'fit'}, 'medium': {'w': 750, 'h': 450, 'resize': 'fit'}, 'small': {'w': 680, 'h': 408, 'resize': 'fit'}}}]",en,recent,48434421,48434421,Fancy Names,fancy_names,,,https://t.co/4KmjDdcnrP,"[{'url': 'https://t.co/4KmjDdcnrP', 'expanded_url': 'https://bit.ly/3TW6znf', 'display_url': 'bit.ly/3TW6znf', 'indices': [0, 23]}]",[],False,233,218,12,Thu Jun 18 18:08:09 +0000 2009,52,,,False,False,80,,False,False,False,03143B,http://abs.twimg.com/images/themes/theme9/bg.gif,https://abs.twimg.com/images/themes/theme9/bg.gif,False,http://pbs.twimg.com/profile_images/1307202319583522816/rzAvaZve_normal.jpg,https://pbs.twimg.com/profile_images/1307202319583522816/rzAvaZve_normal.jpg,https://pbs.twimg.com/profile_banners/48434421/1595886823,376EE6,181A1E,252429,666666,True,False,False,False,False,False,False,none,[],,,,,,,,,,,
Tue Nov 29 23:59:04 +0000 2022,1597741969434120192,1597741969434120192,been trying to develop a more fluid art style #drawing #anatomy #art https://t.co/gCQAKKEzPW,False,"[0, 68]","<a href=""http://twitter.com/download/android"" rel=""nofollow"">Twitter for Android</a>",,,,,,,,,False,0,0,False,False,False,en,"[{'text': 'drawing', 'indices': [46, 54]}, {'text': 'anatomy', 'indices': [55, 63]}, {'text': 'art', 'indices': [64, 68]}]",[],[],[],"[{'id': 1597741960458113025, 'id_str': '1597741960458113025', 'indices': [69, 92], 'media_url': 'http://pbs.twimg.com/media/FixR2QvXkAEUodl.jpg', 'media_url_https': 'https://pbs.twimg.com/media/FixR2QvXkAEUodl.jpg', 'url': 'https://t.co/gCQAKKEzPW', 'display_url': 'pic.twitter.com/gCQAKKEzPW', 'expanded_url': 'https://twitter.com/shedrew_/status/1597741969434120192/photo/1', 'type': 'photo', 'sizes': {'thumb': {'w': 150, 'h': 150, 'resize': 'crop'}, 'medium': {'w': 900, 'h': 1200, 'resize': 'fit'}, 'large': {'w': 1536, 'h': 2048, 'resize': 'fit'}, 'small': {'w': 510, 'h': 680, 'resize': 'fit'}}}]","[{'id': 1597741960458113025, 'id_str': '1597741960458113025', 'indices': [69, 92], 'media_url': 'http://pbs.twimg.com/media/FixR2QvXkAEUodl.jpg', 'media_url_https': 'https://pbs.twimg.com/media/FixR2QvXkAEUodl.jpg', 'url': 'https://t.co/gCQAKKEzPW', 'display_url': 'pic.twitter.com/gCQAKKEzPW', 'expanded_url': 'https://twitter.com/shedrew_/status/1597741969434120192/photo/1', 'type': 'photo', 'sizes': {'thumb': {'w': 150, 'h': 150, 'resize': 'crop'}, 'medium': {'w': 900, 'h': 1200, 'resize': 'fit'}, 'large': {'w': 1536, 'h': 2048, 'resize': 'fit'}, 'small': {'w': 510, 'h': 680, 'resize': 'fit'}}}, {'id': 1597741967169003520, 'id_str': '1597741967169003520', 'indices': [69, 92], 'media_url': 'http://pbs.twimg.com/media/FixR2pvXoAANu9R.jpg', 'media_url_https': 'https://pbs.twimg.com/media/FixR2pvXoAANu9R.jpg', 'url': 'https://t.co/gCQAKKEzPW', 'display_url': 'pic.twitter.com/gCQAKKEzPW', 'expanded_url': 'https://twitter.com/shedrew_/status/1597741969434120192/photo/1', 'type': 'photo', 'sizes': {'small': {'w': 510, 'h': 680, 'resize': 'fit'}, 'thumb': {'w': 150, 'h': 150, 'resize': 'crop'}, 'large': {'w': 1536, 'h': 2048, 'resize': 'fit'}, 'medium': {'w': 900, 'h': 1200, 'resize': 'fit'}}}]",en,recent,1344518629149138944,1344518629149138944,sarah,shedrew_,,,,,[],False,0,22,0,Thu Dec 31 05:40:06 +0000 2020,356,,,False,False,32,,False,False,False,F5F8FA,,,False,http://pbs.twimg.com/profile_images/1452842808809717766/xdhqTG2B_normal.jpg,https://pbs.twimg.com/profile_images/1452842808809717766/xdhqTG2B_normal.jpg,https://pbs.twimg.com/profile_banners/1344518629149138944/1609393685,1DA1F2,C0DEED,DDEEF6,333333,True,True,True,False,False,False,False,none,[],,,,,,,,,,,
Tue Nov 29 23:59:03 +0000 2022,1597741965398917120,1597741965398917120,"Spiritual Parallel   by Luiz Santos Part of ‚ÄúFlash Galaxy‚Äù GET  #NEWALBUM -&gt;
 https://t.co/e6J6jh0olq  #funk #jazz #latinjazz #art #smoothjazz #afrobeat  #fusionjazz https://t.co/n3RxnfLFrR",False,"[0, 168]","<a href=""https://www.tweetsuite.com/"" rel=""nofollow"">Tweet Suite</a>",,,,,,,,,False,0,0,False,False,False,en,"[{'text': 'NEWALBUM', 'indices': [64, 73]}, {'text': 'funk', 'indices': [106, 111]}, {'text': 'jazz', 'indices': [112, 117]}, {'text': 'latinjazz', 'indices': [118, 128]}, {'text': 'art', 'indices': [129, 133]}, {'text': 'smoothjazz', 'indices': [134, 145]}, {'text': 'afrobeat', 'indices': [146, 155]}, {'text': 'fusionjazz', 'indices': [157, 168]}]",[],[],"[{'url': 'https://t.co/e6J6jh0olq', 'expanded_url': 'https://luizsantos.com/track/2548549/spiritual-parallel', 'display_url': 'luizsantos.com/track/2548549/‚Ä¶', 'indices': [81, 104]}]","[{'id': 1597741963331215364, 'id_str': '1597741963331215364', 'indices': [169, 192], 'media_url': 'http://pbs.twimg.com/media/FixR2bcXoAQ9g2J.jpg', 'media_url_https': 'https://pbs.twimg.com/media/FixR2bcXoAQ9g2J.jpg', 'url': 'https://t.co/n3RxnfLFrR', 'display_url': 'pic.twitter.com/n3RxnfLFrR', 'expanded_url': 'https://twitter.com/LuizSantosdrums/status/1597741965398917120/photo/1', 'type': 'photo', 'sizes': {'medium': {'w': 1000, 'h': 1000, 'resize': 'fit'}, 'thumb': {'w': 150, 'h': 150, 'resize': 'crop'}, 'large': {'w': 1000, 'h': 1000, 'resize': 'fit'}, 'small': {'w': 680, 'h': 680, 'resize': 'fit'}}}]","[{'id': 1597741963331215364, 'id_str': '1597741963331215364', 'indices': [169, 192], 'media_url': 'http://pbs.twimg.com/media/FixR2bcXoAQ9g2J.jpg', 'media_url_https': 'https://pbs.twimg.com/media/FixR2bcXoAQ9g2J.jpg', 'url': 'https://t.co/n3RxnfLFrR', 'display_url': 'pic.twitter.com/n3RxnfLFrR', 'expanded_url': 'https://twitter.com/LuizSantosdrums/status/1597741965398917120/photo/1', 'type': 'photo', 'sizes': {'medium': {'w': 1000, 'h': 1000, 'resize': 'fit'}, 'thumb': {'w': 150, 'h': 150, 'resize': 'crop'}, 'large': {'w': 1000, 'h': 1000, 'resize': 'fit'}, 'small': {'w': 680, 'h': 680, 'resize': 'fit'}}}]",en,recent,290706658,290706658,Luiz Santos,LuizSantosdrums,United States,"FOLLOW @LuizSantosMusic https://t.co/HE07aKcw6K 
World Class Drummer & Percussionist, Composer, Producer, Piano, New York Brazilian Afro Drum/ The Arts",https://t.co/GKFLdbhHuF,"[{'url': 'https://t.co/GKFLdbhHuF', 'expanded_url': 'http://luizsantos.com', 'display_url': 'luizsantos.com', 'indices': [0, 23]}]","[{'url': 'https://t.co/HE07aKcw6K', 'expanded_url': 'http://LuizSantosMusic.com', 'display_url': 'LuizSantosMusic.com', 'indices': [24, 47]}]",False,20156,9715,589,Sat Apr 30 19:18:22 +0000 2011,105,,,False,False,151066,,False,False,False,C0DEED,http://abs.twimg.com/images/themes/theme1/bg.png,https://abs.twimg.com/images/themes/theme1/bg.png,False,http://pbs.twimg.com/profile_images/1482404475528638464/0SK_6rpA_normal.jpg,https://pbs.twimg.com/profile_images/1482404475528638464/0SK_6rpA_normal.jpg,https://pbs.twimg.com/profile_banners/290706658/1654313504,0084B4,FFFFFF,DDEEF6,333333,True,False,False,False,False,False,False,none,[],,,,,,,,,,,
Tue Nov 29 23:58:59 +0000 2022,1597741948248285186,1597741948248285186,"A Lost City ...

This image is part of my collection of 1/1 photography minted and available on @sloikaxyz ...

Currently listed at 0.12 eth each.

https://t.co/a5HC1YwWZl

#photography https://t.co/AYhsGTLxV2",False,"[0, 185]","<a href=""https://mobile.twitter.com"" rel=""nofollow"">Twitter Web App</a>",,,,,,,,,False,2,9,False,False,False,en,"[{'text': 'photography', 'indices': [173, 185]}]",[],"[{'screen_name': 'sloikaxyz', 'name': 'Sloika.xyz („Çπ,„Çπ)', 'id': 1398364115530403842, 'id_str': '1398364115530403842', 'indices': [96, 106]}]","[{'url': 'https://t.co/a5HC1YwWZl', 'expanded_url': 'https://sloika.xyz/jazure.eth/the-bridge-smooth-towers', 'display_url': 'sloika.xyz/jazure.eth/the‚Ä¶', 'indices': [148, 171]}]","[{'id': 1597741119822929920, 'id_str': '1597741119822929920', 'indices': [186, 209], 'media_url': 'http://pbs.twimg.com/media/FixRFVIUoAAN6VL.jpg', 'media_url_https': 'https://pbs.twimg.com/media/FixRFVIUoAAN6VL.jpg', 'url': 'https://t.co/AYhsGTLxV2', 'display_url': 'pic.twitter.com/AYhsGTLxV2', 'expanded_url': 'https://twitter.com/jazurephoto/status/1597741948248285186/photo/1', 'type': 'photo', 'sizes': {'thumb': {'w': 150, 'h': 150, 'resize': 'crop'}, 'small': {'w': 680, 'h': 453, 'resize': 'fit'}, 'large': {'w': 2048, 'h': 1366, 'resize': 'fit'}, 'medium': {'w': 1200, 'h': 800, 'resize': 'fit'}}}]","[{'id': 1597741119822929920, 'id_str': '1597741119822929920', 'indices': [186, 209], 'media_url': 'http://pbs.twimg.com/media/FixRFVIUoAAN6VL.jpg', 'media_url_https': 'https://pbs.twimg.com/media/FixRFVIUoAAN6VL.jpg', 'url': 'https://t.co/AYhsGTLxV2', 'display_url': 'pic.twitter.com/AYhsGTLxV2', 'expanded_url': 'https://twitter.com/jazurephoto/status/1597741948248285186/photo/1', 'type': 'photo', 'sizes': {'thumb': {'w': 150, 'h': 150, 'resize': 'crop'}, 'small': {'w': 680, 'h': 453, 'resize': 'fit'}, 'large': {'w': 2048, 'h': 1366, 'resize': 'fit'}, 'medium': {'w': 1200, 'h': 800, 'resize': 'fit'}}}]",en,recent,22568654,22568654,jazure,jazurephoto,"Boulder, Colorado","photographer, dev, native alaskan, NFT artist/collector, @ghxsts fan, stanford | https://t.co/g3UL7kXjZ0 | discord: jazure#9287",,,"[{'url': 'https://t.co/g3UL7kXjZ0', 'expanded_url': 'http://sloika.xyz/jazure.eth', 'display_url': 'sloika.xyz/jazure.eth', 'indices': [81, 104]}]",False,1175,1642,30,Tue Mar 03 01:54:27 +0000 2009,8120,,,True,False,3321,,False,False,False,C0DEED,http://abs.twimg.com/images/themes/theme1/bg.png,https://abs.twimg.com/images/themes/theme1/bg.png,False,http://pbs.twimg.com/profile_images/1597646643901308928/0iI2uHJ-_normal.png,https://pbs.twimg.com/profile_images/1597646643901308928/0iI2uHJ-_normal.png,https://pbs.twimg.com/profile_banners/22568654/1651676695,1DA1F2,C0DEED,DDEEF6,333333,True,False,True,False,False,False,False,none,[],,,,,,,,,,,
Tue Nov 29 23:58:35 +0000 2022,1597741844598644736,1597741844598644736,"Shishiro Botan // @QB_kyubey

#photo #photography
#cosplay #ak74 #zenitco 
#hololive #ÁçÖÁôΩ„Åº„Åü„Çì #shishirobotan
#ÂÜôÁúü #ÊíÆÂΩ± #„Ç≥„Çπ„Éó„É¨
#„Ç≥„Çπ„Éó„É¨„Ç§„É§„Éº„Åï„Çì„Å®Áπã„Åå„Çä„Åü„ÅÑ
#ÂÜôÁúüÂ•Ω„Åç„Å™‰∫∫„Å®Áπã„Åå„Çä„Åü„ÅÑ
#haikyo #ruins #abandoned  #abandonedplaces #lostplaces
#ÂªÉÂ¢ü
#ÂªÉÂ¢üÂ•Ω„Åç„Å™‰∫∫„Å®Áπã„Åå„Çä„Åü„ÅÑ https://t.co/Y5b4t6EtqM",False,"[0, 225]","<a href=""http://twitter.com/download/android"" rel=""nofollow"">Twitter for Android</a>",,,,,,,,,False,4,13,False,False,False,en,"[{'text': 'photo', 'indices': [30, 36]}, {'text': 'photography', 'indices': [37, 49]}, {'text': 'cosplay', 'indices': [50, 58]}, {'text': 'ak74', 'indices': [59, 64]}, {'text': 'zenitco', 'indices': [65, 73]}, {'text': 'hololive', 'indices': [75, 84]}, {'text': 'ÁçÖÁôΩ„Åº„Åü„Çì', 'indices': [85, 91]}, {'text': 'shishirobotan', 'indices': [92, 106]}, {'text': 'ÂÜôÁúü', 'indices': [107, 110]}, {'text': 'ÊíÆÂΩ±', 'indices': [111, 114]}, {'text': '„Ç≥„Çπ„Éó„É¨', 'indices': [115, 120]}, {'text': '„Ç≥„Çπ„Éó„É¨„Ç§„É§„Éº„Åï„Çì„Å®Áπã„Åå„Çä„Åü„ÅÑ', 'indices': [121, 137]}, {'text': 'ÂÜôÁúüÂ•Ω„Åç„Å™‰∫∫„Å®Áπã„Åå„Çä„Åü„ÅÑ', 'indices': [138, 151]}, {'text': 'haikyo', 'indices': [152, 159]}, {'text': 'ruins', 'indices': [160, 166]}, {'text': 'abandoned', 'indices': [167, 177]}, {'text': 'abandonedplaces', 'indices': [179, 195]}, {'text': 'lostplaces', 'indices': [196, 207]}, {'text': 'ÂªÉÂ¢ü', 'indices': [208, 211]}, {'text': 'ÂªÉÂ¢üÂ•Ω„Åç„Å™‰∫∫„Å®Áπã„Åå„Çä„Åü„ÅÑ', 'indices': [212, 225]}]",[],"[{'screen_name': 'QB_kyubey', 'name': 'KyuBey-QB.‰∏òÊØî HK', 'id': 972303570023325696, 'id_str': '972303570023325696', 'indices': [18, 28]}]",[],"[{'id': 1597741832179314688, 'id_str': '1597741832179314688', 'indices': [226, 249], 'media_url': 'http://pbs.twimg.com/media/FixRuy3UcAAlPMT.jpg', 'media_url_https': 'https://pbs.twimg.com/media/FixRuy3UcAAlPMT.jpg', 'url': 'https://t.co/Y5b4t6EtqM', 'display_url': 'pic.twitter.com/Y5b4t6EtqM', 'expanded_url': 'https://twitter.com/AwaLuis/status/1597741844598644736/photo/1', 'type': 'photo', 'sizes': {'thumb': {'w': 150, 'h': 150, 'resize': 'crop'}, 'large': {'w': 2048, 'h': 1365, 'resize': 'fit'}, 'medium': {'w': 1200, 'h': 800, 'resize': 'fit'}, 'small': {'w': 680, 'h': 453, 'resize': 'fit'}}}]","[{'id': 1597741832179314688, 'id_str': '1597741832179314688', 'indices': [226, 249], 'media_url': 'http://pbs.twimg.com/media/FixRuy3UcAAlPMT.jpg', 'media_url_https': 'https://pbs.twimg.com/media/FixRuy3UcAAlPMT.jpg', 'url': 'https://t.co/Y5b4t6EtqM', 'display_url': 'pic.twitter.com/Y5b4t6EtqM', 'expanded_url': 'https://twitter.com/AwaLuis/status/1597741844598644736/photo/1', 'type': 'photo', 'sizes': {'thumb': {'w': 150, 'h': 150, 'resize': 'crop'}, 'large': {'w': 2048, 'h': 1365, 'resize': 'fit'}, 'medium': {'w': 1200, 'h': 800, 'resize': 'fit'}, 'small': {'w': 680, 'h': 453, 'resize': 'fit'}}}, {'id': 1597741841511612418, 'id_str': '1597741841511612418', 'indices': [226, 249], 'media_url': 'http://pbs.twimg.com/media/FixRvVoUAAIPi3e.jpg', 'media_url_https': 'https://pbs.twimg.com/media/FixRvVoUAAIPi3e.jpg', 'url': 'https://t.co/Y5b4t6EtqM', 'display_url': 'pic.twitter.com/Y5b4t6EtqM', 'expanded_url': 'https://twitter.com/AwaLuis/status/1597741844598644736/photo/1', 'type': 'photo', 'sizes': {'small': {'w': 680, 'h': 453, 'resize': 'fit'}, 'thumb': {'w': 150, 'h': 150, 'resize': 'crop'}, 'large': {'w': 2048, 'h': 1365, 'resize': 'fit'}, 'medium': {'w': 1200, 'h': 800, 'resize': 'fit'}}}]",en,recent,1263461640500117505,1263461640500117505,Luis_awa // üá∫üá¶,AwaLuis,Hong Kong,"„ÄåÈÄîÂàá„Çå„ÅüÈ≠Ç„ÅÆÈü≥„ÅåÈóª„Åì„Åà„Çã ? „Äç
Â∞èLÂ≠ê / Luis / „É´„Ç§„Çπ„Å°„ÇÉ„Çì awa
üì∏ Âø´ÈñÄÊìç‰ΩúÂì° / Photographer / ÂÜôÁúüÂÆ∂
Êó•Â∏∏acc ‰∏çÂÆöÊôÇÊõ¥Êñ∞",https://t.co/Z2UT7vowDR,"[{'url': 'https://t.co/Z2UT7vowDR', 'expanded_url': 'https://www.facebook.com/luis.photo.diary/', 'display_url': 'facebook.com/luis.photo.dia‚Ä¶', 'indices': [0, 23]}]",[],False,88,192,4,Thu May 21 13:28:37 +0000 2020,6218,,,False,False,826,,False,False,False,F5F8FA,,,False,http://pbs.twimg.com/profile_images/1263461944343871489/wnYwvCt4_normal.jpg,https://pbs.twimg.com/profile_images/1263461944343871489/wnYwvCt4_normal.jpg,https://pbs.twimg.com/profile_banners/1263461640500117505/1590068529,1DA1F2,C0DEED,DDEEF6,333333,True,True,True,False,False,False,False,none,[],,,,,,,,,,,
Tue Nov 29 23:58:32 +0000 2022,1597741833097859074,1597741833097859074,"Like and share!  #Cartoon #Font #Poster #Illustration #Art #Fictionalcharacter #Graphics #Event #Logo #Carmine https://t.co/eGbkVehFhb",False,"[0, 112]","<a href=""https://socialrabbitplugin.com/"" rel=""nofollow"">SocialRabbit Plugin</a>",,,,,,,,,False,0,0,False,False,False,en,"[{'text': 'Cartoon', 'indices': [19, 27]}, {'text': 'Font', 'indices': [28, 33]}, {'text': 'Poster', 'indices': [34, 41]}, {'text': 'Illustration', 'indices': [42, 55]}, {'text': 'Art', 'indices': [56, 60]}, {'text': 'Fictionalcharacter', 'indices': [61, 80]}, {'text': 'Graphics', 'indices': [81, 90]}, {'text': 'Event', 'indices': [91, 97]}, {'text': 'Logo', 'indices': [98, 103]}, {'text': 'Carmine', 'indices': [104, 112]}]",[],[],[],"[{'id': 1597741831436967936, 'id_str': '1597741831436967936', 'indices': [113, 136], 'media_url': 'http://pbs.twimg.com/media/FixRuwGVIAA_jil.jpg', 'media_url_https': 'https://pbs.twimg.com/media/FixRuwGVIAA_jil.jpg', 'url': 'https://t.co/eGbkVehFhb', 'display_url': 'pic.twitter.com/eGbkVehFhb', 'expanded_url': 'https://twitter.com/FayhooBlog/status/1597741833097859074/photo/1', 'type': 'photo', 'sizes': {'thumb': {'w': 150, 'h': 150, 'resize': 'crop'}, 'small': {'w': 544, 'h': 680, 'resize': 'fit'}, 'medium': {'w': 960, 'h': 1200, 'resize': 'fit'}, 'large': {'w': 1000, 'h': 1250, 'resize': 'fit'}}}]","[{'id': 1597741831436967936, 'id_str': '1597741831436967936', 'indices': [113, 136], 'media_url': 'http://pbs.twimg.com/media/FixRuwGVIAA_jil.jpg', 'media_url_https': 'https://pbs.twimg.com/media/FixRuwGVIAA_jil.jpg', 'url': 'https://t.co/eGbkVehFhb', 'display_url': 'pic.twitter.com/eGbkVehFhb', 'expanded_url': 'https://twitter.com/FayhooBlog/status/1597741833097859074/photo/1', 'type': 'photo', 'sizes': {'thumb': {'w': 150, 'h': 150, 'resize': 'crop'}, 'small': {'w': 544, 'h': 680, 'resize': 'fit'}, 'medium': {'w': 960, 'h': 1200, 'resize': 'fit'}, 'large': {'w': 1000, 'h': 1250, 'resize': 'fit'}}}]",en,recent,1372977701045161984,1372977701045161984,BaliScreen,FayhooBlog,"Bali, Indonesia","Love reviews movies, video games, and online businesses on his blog. It's preferable to see something once rather than hear it a thousand times.",https://t.co/fNwzQmKYWo,"[{'url': 'https://t.co/fNwzQmKYWo', 'expanded_url': 'https://baliscreen.com', 'display_url': 'baliscreen.com', 'indices': [0, 23]}]",[],False,25,11,0,Fri Mar 19 18:26:24 +0000 2021,935,,,True,False,2246,,False,False,False,F5F8FA,,,False,http://pbs.twimg.com/profile_images/1587574102050865153/PxvO0N6F_normal.jpg,https://pbs.twimg.com/profile_images/1587574102050865153/PxvO0N6F_normal.jpg,https://pbs.twimg.com/profile_banners/1372977701045161984/1658933828,1DA1F2,C0DEED,DDEEF6,333333,True,True,True,False,False,False,False,none,[],,,,,,,,,,,
Tue Nov 29 23:58:29 +0000 2022,1597741820032974850,1597741820032974850,"3d Arts table item for any living room, family room or great Buy for gift or any occasion.

Checkout our KS site now: https://t.co/KtWuOeU9PL...

#bluedream #decorart #art #3d #decora #as #homedecor #3darts #decor #abstractart #contemporaryart #abstractpainting #artist  #artwork https://t.co/88PInpqM7I",False,"[0, 279]","<a href=""https://mobile.twitter.com"" rel=""nofollow"">Twitter Web App</a>",,,,,,,,,False,0,0,False,False,False,en,"[{'text': 'bluedream', 'indices': [146, 156]}, {'text': 'decorart', 'indices': [157, 166]}, {'text': 'art', 'indices': [167, 171]}, {'text': '3d', 'indices': [172, 175]}, {'text': 'decora', 'indices': [176, 183]}, {'text': 'as', 'indices': [184, 187]}, {'text': 'homedecor', 'indices': [188, 198]}, {'text': '3darts', 'indices': [199, 206]}, {'text': 'decor', 'indices': [207, 213]}, {'text': 'abstractart', 'indices': [214, 226]}, {'text': 'contemporaryart', 'indices': [227, 243]}, {'text': 'abstractpainting', 'indices': [244, 261]}, {'text': 'artist', 'indices': [262, 269]}, {'text': 'artwork', 'indices': [271, 279]}]",[],[],"[{'url': 'https://t.co/KtWuOeU9PL', 'expanded_url': 'https://kickstarter.com/.../hempkinz-canna-people-gaming', 'display_url': 'kickstarter.com/.../hempkinz-c‚Ä¶', 'indices': [118, 141]}]","[{'id': 1597741588071038978, 'id_str': '1597741588071038978', 'indices': [280, 303], 'media_url': 'http://pbs.twimg.com/media/FixRglfXwAI63yX.jpg', 'media_url_https': 'https://pbs.twimg.com/media/FixRglfXwAI63yX.jpg', 'url': 'https://t.co/88PInpqM7I', 'display_url': 'pic.twitter.com/88PInpqM7I', 'expanded_url': 'https://twitter.com/HempkinZ/status/1597741820032974850/photo/1', 'type': 'photo', 'sizes': {'thumb': {'w': 150, 'h': 150, 'resize': 'crop'}, 'small': {'w': 680, 'h': 383, 'resize': 'fit'}, 'medium': {'w': 1200, 'h': 675, 'resize': 'fit'}, 'large': {'w': 1920, 'h': 1080, 'resize': 'fit'}}}]","[{'id': 1597741588071038978, 'id_str': '1597741588071038978', 'indices': [280, 303], 'media_url': 'http://pbs.twimg.com/media/FixRglfXwAI63yX.jpg', 'media_url_https': 'https://pbs.twimg.com/media/FixRglfXwAI63yX.jpg', 'url': 'https://t.co/88PInpqM7I', 'display_url': 'pic.twitter.com/88PInpqM7I', 'expanded_url': 'https://twitter.com/HempkinZ/status/1597741820032974850/photo/1', 'type': 'photo', 'sizes': {'thumb': {'w': 150, 'h': 150, 'resize': 'crop'}, 'small': {'w': 680, 'h': 383, 'resize': 'fit'}, 'medium': {'w': 1200, 'h': 675, 'resize': 'fit'}, 'large': {'w': 1920, 'h': 1080, 'resize': 'fit'}}}]",en,recent,1392308176570130434,1392308176570130434,HempkinZ,HempkinZ,Arizona,"@HempkinZ, we're putting a face to your favorite weed strain with our Canna-People Collection and matching Table Lighter Ashtrays.  3D Resin Printed in USA.",https://t.co/QVa2Fec2JD,"[{'url': 'https://t.co/QVa2Fec2JD', 'expanded_url': 'http://www.HempkinZ.com', 'display_url': 'HempkinZ.com', 'indices': [0, 23]}]",[],False,28,112,0,Wed May 12 02:38:39 +0000 2021,9,,,True,False,54,,False,False,False,F5F8FA,,,False,http://pbs.twimg.com/profile_images/1596530906130358273/grBPgzeB_normal.jpg,https://pbs.twimg.com/profile_images/1596530906130358273/grBPgzeB_normal.jpg,https://pbs.twimg.com/profile_banners/1392308176570130434/1669477525,1DA1F2,C0DEED,DDEEF6,333333,True,True,True,False,False,False,False,none,[],,,,,,,,,,,
Tue Nov 29 23:58:26 +0000 2022,1597741807294894080,1597741807294894080,Day something of Bird a Day drawing: Northern Flicker. #birding #ArtistOnTwitter #BirdsOfTwitter #drawing https://t.co/NNYKmM4eSs,False,"[0, 105]","<a href=""http://twitter.com/download/iphone"" rel=""nofollow"">Twitter for iPhone</a>",,,,,,,,,False,0,1,False,False,False,en,"[{'text': 'birding', 'indices': [55, 63]}, {'text': 'ArtistOnTwitter', 'indices': [64, 80]}, {'text': 'BirdsOfTwitter', 'indices': [81, 96]}, {'text': 'drawing', 'indices': [97, 105]}]",[],[],[],"[{'id': 1597741729817526272, 'id_str': '1597741729817526272', 'indices': [106, 129], 'media_url': 'http://pbs.twimg.com/media/FixRo1iXgAA0Jn8.jpg', 'media_url_https': 'https://pbs.twimg.com/media/FixRo1iXgAA0Jn8.jpg', 'url': 'https://t.co/NNYKmM4eSs', 'display_url': 'pic.twitter.com/NNYKmM4eSs', 'expanded_url': 'https://twitter.com/ARNerfHerder/status/1597741807294894080/photo/1', 'type': 'photo', 'sizes': {'medium': {'w': 900, 'h': 1200, 'resize': 'fit'}, 'thumb': {'w': 150, 'h': 150, 'resize': 'crop'}, 'small': {'w': 510, 'h': 680, 'resize': 'fit'}, 'large': {'w': 1536, 'h': 2048, 'resize': 'fit'}}}]","[{'id': 1597741729817526272, 'id_str': '1597741729817526272', 'indices': [106, 129], 'media_url': 'http://pbs.twimg.com/media/FixRo1iXgAA0Jn8.jpg', 'media_url_https': 'https://pbs.twimg.com/media/FixRo1iXgAA0Jn8.jpg', 'url': 'https://t.co/NNYKmM4eSs', 'display_url': 'pic.twitter.com/NNYKmM4eSs', 'expanded_url': 'https://twitter.com/ARNerfHerder/status/1597741807294894080/photo/1', 'type': 'photo', 'sizes': {'medium': {'w': 900, 'h': 1200, 'resize': 'fit'}, 'thumb': {'w': 150, 'h': 150, 'resize': 'crop'}, 'small': {'w': 510, 'h': 680, 'resize': 'fit'}, 'large': {'w': 1536, 'h': 2048, 'resize': 'fit'}}}]",en,recent,908109548,908109548,Krista,ARNerfHerder,United States,Arkansas native and wildlife fanatic. Birding is life.,,,[],False,77,431,1,Sat Oct 27 13:22:27 +0000 2012,4532,,,False,False,562,,False,False,False,C0DEED,http://abs.twimg.com/images/themes/theme1/bg.png,https://abs.twimg.com/images/themes/theme1/bg.png,False,http://pbs.twimg.com/profile_images/1596587661669679104/cUsqeG8d_normal.jpg,https://pbs.twimg.com/profile_images/1596587661669679104/cUsqeG8d_normal.jpg,https://pbs.twimg.com/profile_banners/908109548/1667920036,1DA1F2,C0DEED,DDEEF6,333333,True,True,True,False,False,False,False,none,[],,,,,,,,,,,
Tue Nov 29 23:58:16 +0000 2022,1597741765146030080,1597741765146030080,"David Bowie Colouring Book, adult colouring book, gift for David Bowie fan, activity book, birthday gift, david bowie artwork
 #BookGift #Artwork #Birthday #bowie #Colouring #gift #david #BookAdult #fan #book #ArtworkByPaulaForYou #EtsySeller

üëâhttps://t.co/5YEOWIPwJW https://t.co/4Cy9t9yQph",False,"[0, 268]","<a href=""https://twittersearch.com"" rel=""nofollow"">TestApp17181717</a>",,,,,,,,,False,0,0,False,False,False,en,"[{'text': 'BookGift', 'indices': [127, 136]}, {'text': 'Artwork', 'indices': [137, 145]}, {'text': 'Birthday', 'indices': [146, 155]}, {'text': 'bowie', 'indices': [156, 162]}, {'text': 'Colouring', 'indices': [163, 173]}, {'text': 'gift', 'indices': [174, 179]}, {'text': 'david', 'indices': [180, 186]}, {'text': 'BookAdult', 'indices': [187, 197]}, {'text': 'fan', 'indices': [198, 202]}, {'text': 'book', 'indices': [203, 208]}, {'text': 'ArtworkByPaulaForYou', 'indices': [209, 230]}, {'text': 'EtsySeller', 'indices': [231, 242]}]",[],[],"[{'url': 'https://t.co/5YEOWIPwJW', 'expanded_url': 'https://www.etsy.com/jp/listing/1039537054/david-bowie-colouring-book-adult', 'display_url': 'etsy.com/jp/listing/103‚Ä¶', 'indices': [245, 268]}]","[{'id': 1597741705650143232, 'id_str': '1597741705650143232', 'indices': [269, 292], 'media_url': 'http://pbs.twimg.com/media/FixRnbgagAA8Rg5.jpg', 'media_url_https': 'https://pbs.twimg.com/media/FixRnbgagAA8Rg5.jpg', 'url': 'https://t.co/4Cy9t9yQph', 'display_url': 'pic.twitter.com/4Cy9t9yQph', 'expanded_url': 'https://twitter.com/abhirawat_/status/1597741765146030080/photo/1', 'type': 'photo', 'sizes': {'medium': {'w': 1200, 'h': 954, 'resize': 'fit'}, 'small': {'w': 680, 'h': 541, 'resize': 'fit'}, 'large': {'w': 1588, 'h': 1263, 'resize': 'fit'}, 'thumb': {'w': 150, 'h': 150, 'resize': 'crop'}}}]","[{'id': 1597741705650143232, 'id_str': '1597741705650143232', 'indices': [269, 292], 'media_url': 'http://pbs.twimg.com/media/FixRnbgagAA8Rg5.jpg', 'media_url_https': 'https://pbs.twimg.com/media/FixRnbgagAA8Rg5.jpg', 'url': 'https://t.co/4Cy9t9yQph', 'display_url': 'pic.twitter.com/4Cy9t9yQph', 'expanded_url': 'https://twitter.com/abhirawat_/status/1597741765146030080/photo/1', 'type': 'photo', 'sizes': {'medium': {'w': 1200, 'h': 954, 'resize': 'fit'}, 'small': {'w': 680, 'h': 541, 'resize': 'fit'}, 'large': {'w': 1588, 'h': 1263, 'resize': 'fit'}, 'thumb': {'w': 150, 'h': 150, 'resize': 'crop'}}}, {'id': 1597741719771979776, 'id_str': '1597741719771979776', 'indices': [269, 292], 'media_url': 'http://pbs.twimg.com/media/FixRoQHUoAABMu1.jpg', 'media_url_https': 'https://pbs.twimg.com/media/FixRoQHUoAABMu1.jpg', 'url': 'https://t.co/4Cy9t9yQph', 'display_url': 'pic.twitter.com/4Cy9t9yQph', 'expanded_url': 'https://twitter.com/abhirawat_/status/1597741765146030080/photo/1', 'type': 'photo', 'sizes': {'thumb': {'w': 150, 'h': 150, 'resize': 'crop'}, 'large': {'w': 1536, 'h': 2048, 'resize': 'fit'}, 'small': {'w': 510, 'h': 680, 'resize': 'fit'}, 'medium': {'w': 900, 'h': 1200, 'resize': 'fit'}}}, {'id': 1597741734884040704, 'id_str': '1597741734884040704', 'indices': [269, 292], 'media_url': 'http://pbs.twimg.com/media/FixRpIaUYAATRzj.jpg', 'media_url_https': 'https://pbs.twimg.com/media/FixRpIaUYAATRzj.jpg', 'url': 'https://t.co/4Cy9t9yQph', 'display_url': 'pic.twitter.com/4Cy9t9yQph', 'expanded_url': 'https://twitter.com/abhirawat_/status/1597741765146030080/photo/1', 'type': 'photo', 'sizes': {'large': {'w': 1588, 'h': 1945, 'resize': 'fit'}, 'thumb': {'w': 150, 'h': 150, 'resize': 'crop'}, 'medium': {'w': 980, 'h': 1200, 'resize': 'fit'}, 'small': {'w': 555, 'h': 680, 'resize': 'fit'}}}, {'id': 1597741756333707264, 'id_str': '1597741756333707264', 'indices': [269, 292], 'media_url': 'http://pbs.twimg.com/media/FixRqYUUUAATuvS.jpg', 'media_url_https': 'https://pbs.twimg.com/media/FixRqYUUUAATuvS.jpg', 'url': 'https://t.co/4Cy9t9yQph', 'display_url': 'pic.twitter.com/4Cy9t9yQph', 'expanded_url': 'https://twitter.com/abhirawat_/status/1597741765146030080/photo/1', 'type': 'photo', 'sizes': {'thumb': {'w': 150, 'h': 150, 'resize': 'crop'}, 'small': {'w': 680, 'h': 510, 'resize': 'fit'}, 'large': {'w': 1588, 'h': 1190, 'resize': 'fit'}, 'medium': {'w': 1200, 'h': 899, 'resize': 'fit'}}}]",en,recent,780997716012855296,780997716012855296,copper magnetic defense bracelet,abhirawat_,"Charlotte, USA",Defense Bracelets are made of 99.999% pure medical-grade copper and are free from contaminants like nickel and lead.,https://t.co/KWoaV1qqOD,"[{'url': 'https://t.co/KWoaV1qqOD', 'expanded_url': 'http://bit.ly/3EQrra0', 'display_url': 'bit.ly/3EQrra0', 'indices': [0, 23]}]",[],False,42,30,1,Wed Sep 28 05:09:00 +0000 2016,2611,,,False,False,3989,,False,False,False,F5F8FA,,,False,http://pbs.twimg.com/profile_images/1594652160721309697/sxSFrkfg_normal.jpg,https://pbs.twimg.com/profile_images/1594652160721309697/sxSFrkfg_normal.jpg,https://pbs.twimg.com/profile_banners/780997716012855296/1669029686,1DA1F2,C0DEED,DDEEF6,333333,True,False,True,False,False,False,False,none,[],,,,,,,,,,,
Tue Nov 29 23:58:00 +0000 2022,1597741700633403393,1597741700633403393,"""Structure""

Order #prints at https://t.co/Q5rYhM37P9

#filmphotography #Oklahoma #art #photographer #blackandwhitephotography #ArtistOnTwitter #film #fineartphotography #vintage #photography #art #printsforsale #PhotographyIsArt https://t.co/QXLTphpioi",False,"[0, 229]","<a href=""http://twitter.com/download/android"" rel=""nofollow"">Twitter for Android</a>",,,,,,,,,False,0,0,False,False,False,en,"[{'text': 'prints', 'indices': [19, 26]}, {'text': 'filmphotography', 'indices': [55, 71]}, {'text': 'Oklahoma', 'indices': [72, 81]}, {'text': 'art', 'indices': [82, 86]}, {'text': 'photographer', 'indices': [87, 100]}, {'text': 'blackandwhitephotography', 'indices': [101, 126]}, {'text': 'ArtistOnTwitter', 'indices': [127, 143]}, {'text': 'film', 'indices': [144, 149]}, {'text': 'fineartphotography', 'indices': [150, 169]}, {'text': 'vintage', 'indices': [170, 178]}, {'text': 'photography', 'indices': [179, 191]}, {'text': 'art', 'indices': [192, 196]}, {'text': 'printsforsale', 'indices': [197, 211]}, {'text': 'PhotographyIsArt', 'indices': [212, 229]}]",[],[],"[{'url': 'https://t.co/Q5rYhM37P9', 'expanded_url': 'https://samuelxl5.darkroom.com/products/651033', 'display_url': 'samuelxl5.darkroom.com/products/651033', 'indices': [30, 53]}]","[{'id': 1597741697840168960, 'id_str': '1597741697840168960', 'indices': [230, 253], 'media_url': 'http://pbs.twimg.com/media/FixRm-aXwAAfmNU.jpg', 'media_url_https': 'https://pbs.twimg.com/media/FixRm-aXwAAfmNU.jpg', 'url': 'https://t.co/QXLTphpioi', 'display_url': 'pic.twitter.com/QXLTphpioi', 'expanded_url': 'https://twitter.com/Samuel_XL5/status/1597741700633403393/photo/1', 'type': 'photo', 'sizes': {'thumb': {'w': 150, 'h': 150, 'resize': 'crop'}, 'large': {'w': 1638, 'h': 2048, 'resize': 'fit'}, 'small': {'w': 544, 'h': 680, 'resize': 'fit'}, 'medium': {'w': 960, 'h': 1200, 'resize': 'fit'}}}]","[{'id': 1597741697840168960, 'id_str': '1597741697840168960', 'indices': [230, 253], 'media_url': 'http://pbs.twimg.com/media/FixRm-aXwAAfmNU.jpg', 'media_url_https': 'https://pbs.twimg.com/media/FixRm-aXwAAfmNU.jpg', 'url': 'https://t.co/QXLTphpioi', 'display_url': 'pic.twitter.com/QXLTphpioi', 'expanded_url': 'https://twitter.com/Samuel_XL5/status/1597741700633403393/photo/1', 'type': 'photo', 'sizes': {'thumb': {'w': 150, 'h': 150, 'resize': 'crop'}, 'large': {'w': 1638, 'h': 2048, 'resize': 'fit'}, 'small': {'w': 544, 'h': 680, 'resize': 'fit'}, 'medium': {'w': 960, 'h': 1200, 'resize': 'fit'}}}]",en,recent,1199458907313360896,1199458907313360896,Samuel Benjamin,Samuel_XL5,United States,"Author, photographer, aerospace enthusiast. Former civilian pilot & USAF F-15E maintainer. ERAU alum. Cat dad. Air, space, sci-fi, technology, & military news.",https://t.co/AWzEV18AgJ,"[{'url': 'https://t.co/AWzEV18AgJ', 'expanded_url': 'http://samuelXL5.darkroom.com', 'display_url': 'samuelXL5.darkroom.com', 'indices': [0, 23]}]",[],False,1037,1906,27,Tue Nov 26 22:44:34 +0000 2019,125107,,,False,False,111956,,False,False,False,F5F8FA,,,False,http://pbs.twimg.com/profile_images/1589636155817037825/azQ2l8lZ_normal.jpg,https://pbs.twimg.com/profile_images/1589636155817037825/azQ2l8lZ_normal.jpg,https://pbs.twimg.com/profile_banners/1199458907313360896/1612560086,1DA1F2,C0DEED,DDEEF6,333333,True,True,True,False,False,False,False,none,[],,,,,,,,,,,
